{
  "display": {
    "icon": {
      "item": "minecraft:iron_block"
    },
    "title": "Compressing ingots",
    "description": "Make an iron block",
    "frame": "task",
    "show_toast": true,
    "announce_to_chat": true,
    "hidden": false
  },
  "criteria": {
    "rawblocksmelt": {
      "trigger": "minecraft:inventory_changed",
      "conditions": {
        "items": [
          {
            "items": [
              "minecraft:iron_block"
            ],
            "count": {
              "min": 1,
              "max": 64
            }
          }
        ]
      }
    }
  },
  "parent": "minecraft:story/smelt_iron"
}